project,atom_index,element,group,x_A,y_A,z_A,qe_type,is_contribution_eV,reference_definition,reference_eV,cls_eV
cross,2,C,C_L_beta,10.898888,15.466596,14.460025,2,-75.64845,mean(C_b+C_w),-75.25870958333333,0.3897404166666689
cross,3,C,C_L_beta,9.846648,14.584051,14.409251,2,-75.65999,mean(C_b+C_w),-75.25870958333333,0.4012804166666655
cross,4,C,C_L_alpha,12.04267,14.732071,14.94084,2,-74.59647,mean(C_b+C_w),-75.25870958333333,-0.6622395833333314
cross,5,C,C_L_alpha,10.355275,13.314425,14.874094,2,-74.64871,mean(C_b+C_w),-75.25870958333333,-0.6099995833333338
cross,6,C,C_M,13.328228,15.252386,15.250331,2,-75.06842,mean(C_b+C_w),-75.25870958333333,-0.19028958333332469
cross,7,C,C_w,12.795504,18.962608,15.844772,2,-75.26188,mean(C_b+C_w),-75.25870958333333,0.003170416666677056
cross,8,C,C_w,13.973631,19.49699,15.313751,2,-75.34258,mean(C_b+C_w),-75.25870958333333,0.08387041666667017
cross,9,C,C_w,12.582337,17.585939,15.844069,2,-75.35189,mean(C_b+C_w),-75.25870958333333,0.09318041666666943
cross,10,C,C_w,14.944781,18.63983,14.789003,2,-75.27549,mean(C_b+C_w),-75.25870958333333,0.016780416666676956
cross,11,C,C_w,13.539619,16.706488,15.29757,2,-74.9798,mean(C_b+C_w),-75.25870958333333,-0.2789095833333306
cross,12,C,C_w,14.727708,17.265886,14.773577,2,-75.34424,mean(C_b+C_w),-75.25870958333333,0.08553041666667127
cross,13,C,C_M,9.596137,12.165318,15.222931,2,-75.08989,mean(C_b+C_w),-75.25870958333333,-0.16881958333333102
cross,14,C,C_b,6.222935,13.518452,16.305817,2,-75.28808,mean(C_b+C_w),-75.25870958333333,0.029370416666665733
cross,15,C,C_b,5.369098,12.472735,15.936277,2,-75.33732,mean(C_b+C_w),-75.25870958333333,0.07861041666667745
cross,16,C,C_b,7.590015,13.429713,16.056816,2,-75.33636,mean(C_b+C_w),-75.25870958333333,0.07765041666667116
cross,17,C,C_b,5.895688,11.340758,15.31035,2,-75.24359,mean(C_b+C_w),-75.25870958333333,-0.01511958333333041
cross,18,C,C_b,8.141007,12.291255,15.425606,2,-74.99186,mean(C_b+C_w),-75.25870958333333,-0.2668495833333253
cross,19,C,C_b,7.261304,11.252636,15.05371,2,-75.35506,mean(C_b+C_w),-75.25870958333333,0.09635041666666666
cross,20,C,C_alpha,14.456367,14.428831,15.511492,2,-74.623,mean(C_b+C_w),-75.25870958333333,-0.6357095833333233
cross,21,C,C_alpha,10.196863,10.90789,15.508858,2,-74.64479,mean(C_b+C_w),-75.25870958333333,-0.6139195833333275
cross,22,C,C_beta,15.634165,14.863563,16.216681,2,-75.68387,mean(C_b+C_w),-75.25870958333333,0.4251604166666709
cross,23,C,C_beta,9.561796,9.831223,16.224424,2,-75.67944,mean(C_b+C_w),-75.25870958333333,0.42073041666667166
cross,24,C,C_beta,16.510912,13.814367,16.21258,2,-75.68335,mean(C_b+C_w),-75.25870958333333,0.4246404166666764
cross,25,C,C_beta,10.441197,8.78406,16.228779,2,-75.67981,mean(C_b+C_w),-75.25870958333333,0.4211004166666754
cross,26,C,C_alpha,15.875789,12.741562,15.49136,2,-74.6471,mean(C_b+C_w),-75.25870958333333,-0.6116095833333333
cross,27,C,C_alpha,11.618371,9.221495,15.5238,2,-74.63056,mean(C_b+C_w),-75.25870958333333,-0.6281495833333253
cross,28,C,C_M,16.475107,11.48557,15.197838,2,-75.09565,mean(C_b+C_w),-75.25870958333333,-0.1630595833333217
cross,29,C,C_b,18.815073,12.394846,15.060302,2,-75.35766,mean(C_b+C_w),-75.25870958333333,0.0989504166666677
cross,30,C,C_b,17.928335,11.352603,15.404972,2,-74.97469,mean(C_b+C_w),-75.25870958333333,-0.28401958333333255
cross,31,C,C_b,20.178955,12.293333,15.320769,2,-75.25582,mean(C_b+C_w),-75.25870958333333,-0.002889583333328005
cross,32,C,C_b,18.470846,10.199007,16.015318,2,-75.3362,mean(C_b+C_w),-75.25870958333333,0.07749041666667722
cross,33,C,C_b,20.697405,11.142955,15.919611,2,-75.33282,mean(C_b+C_w),-75.25870958333333,0.07411041666667018
cross,34,C,C_b,19.836426,10.094592,16.263601,2,-75.29601,mean(C_b+C_w),-75.25870958333333,0.0373004166666675
cross,35,C,C_M,12.745284,8.399653,15.254068,2,-75.07292,mean(C_b+C_w),-75.25870958333333,-0.18578958333333162
cross,36,C,C_w,11.353646,6.370196,14.81189,2,-75.33057,mean(C_b+C_w),-75.25870958333333,0.07186041666666654
cross,37,C,C_w,12.543071,6.944817,15.315274,2,-74.98115,mean(C_b+C_w),-75.25870958333333,-0.2775595833333284
cross,38,C,C_w,11.150356,4.994204,14.841004,2,-75.28233,mean(C_b+C_w),-75.25870958333333,0.023620416666673805
cross,39,C,C_w,13.51577,6.079001,15.856005,2,-75.3591,mean(C_b+C_w),-75.25870958333333,0.10039041666667003
cross,40,C,C_w,12.136504,4.150304,15.35932,2,-75.33109,mean(C_b+C_w),-75.25870958333333,0.07238041666667527
cross,41,C,C_w,13.316601,4.700149,15.870195,2,-75.26344,mean(C_b+C_w),-75.25870958333333,0.0047304166666748415
cross,42,C,C_L_alpha,15.712557,10.340213,14.840712,2,-74.65483,mean(C_b+C_w),-75.25870958333333,-0.6038795833333239
cross,43,C,C_L_alpha,14.02599,8.921761,14.923697,2,-74.59913,mean(C_b+C_w),-75.25870958333333,-0.6595795833333256
cross,44,C,C_L_beta,16.215143,9.073192,14.363465,2,-75.66845,mean(C_b+C_w),-75.25870958333333,0.40974041666667915
cross,45,C,C_L_beta,15.163293,8.189664,14.425146,2,-75.65209,mean(C_b+C_w),-75.25870958333333,0.3933804166666732
cross,74,N,N_L,11.705259,13.415435,15.116071,3,-134.31453,mean(all N),-134.2227,0.09182999999998742
cross,75,N,N,14.604805,13.120255,15.116926,3,-134.13076,mean(all N),-134.2227,-0.09193999999999392
cross,76,N,N,11.46791,10.531654,15.134048,3,-134.12772,mean(all N),-134.2227,-0.09497999999999251
cross,77,N,N_L,14.365075,10.238111,15.09699,3,-134.31779,mean(all N),-134.2227,0.09508999999999901
twistedH2,2,C,C_L_beta,4.12735,-0.68977,-0.4848,2,-75.00839,mean(C_b+C_w),-75.08949458333333,-0.08110458333332815
twistedH2,3,C,C_L_beta,4.12813,0.6856,-0.4841,2,-75.00807,mean(C_b+C_w),-75.08949458333333,-0.08142458333333025
twistedH2,4,C,C_L_alpha,2.83986,-1.10594,0.00996,2,-73.88169,mean(C_b+C_w),-75.08949458333333,-1.2078045833333277
twistedH2,5,C,C_L_alpha,2.84083,1.10271,0.01018,2,-73.8791,mean(C_b+C_w),-75.08949458333333,-1.2103945833333398
twistedH2,6,C,C_M,2.41931,-2.43176,0.28567,2,-74.83024,mean(C_b+C_w),-75.08949458333333,-0.2592545833333304
twistedH2,7,C,C_w,5.47701,-4.64757,0.69062,2,-75.11039,mean(C_b+C_w),-75.08949458333333,0.020895416666661504
twistedH2,8,C,C_w,5.01484,-5.84945,0.14747,2,-75.12189,mean(C_b+C_w),-75.08949458333333,0.03239541666665957
twistedH2,9,C,C_w,4.66156,-3.51691,0.70405,2,-75.15973,mean(C_b+C_w),-75.08949458333333,0.07023541666666233
twistedH2,10,C,C_w,3.73098,-5.90807,-0.40513,2,-75.08095,mean(C_b+C_w),-75.08949458333333,-0.008544583333332412
twistedH2,11,C,C_w,3.35651,-3.56561,0.17678,2,-74.82993,mean(C_b+C_w),-75.08949458333333,-0.2595645833333293
twistedH2,12,C,C_w,2.91242,-4.78112,-0.39534,2,-75.23344,mean(C_b+C_w),-75.08949458333333,0.14394541666666782
twistedH2,13,C,C_M,2.42166,2.42926,0.28238,2,-74.82571,mean(C_b+C_w),-75.08949458333333,-0.263784583333333
twistedH2,14,C,C_b,5.48469,4.63453,0.70216,2,-75.10907,mean(C_b+C_w),-75.08949458333333,0.019575416666668843
twistedH2,15,C,C_b,5.0309,5.83614,0.15154,2,-75.12312,mean(C_b+C_w),-75.08949458333333,0.0336254166666663
twistedH2,16,C,C_b,4.66423,3.50729,0.71296,2,-75.15861,mean(C_b+C_w),-75.08949458333333,0.0691154166666621
twistedH2,17,C,C_b,3.75123,5.89794,-0.41036,2,-75.08159,mean(C_b+C_w),-75.08949458333333,-0.007904583333328219
twistedH2,18,C,C_b,3.36339,3.55962,0.17593,2,-74.82968,mean(C_b+C_w),-75.08949458333333,-0.2598145833333376
twistedH2,19,C,C_b,2.92793,4.77478,-0.40298,2,-75.23118,mean(C_b+C_w),-75.08949458333333,0.141685416666661
twistedH2,20,C,C_alpha,1.0956,-2.76088,0.67344,2,-74.40457,mean(C_b+C_w),-75.08949458333333,-0.6849245833333271
twistedH2,21,C,C_alpha,1.09781,2.76208,0.66533,2,-74.40236,mean(C_b+C_w),-75.08949458333333,-0.6871345833333322
twistedH2,22,C,C_beta,0.68052,-4.00409,1.27724,2,-75.59932,mean(C_b+C_w),-75.08949458333333,0.509825416666672
twistedH2,23,C,C_beta,0.68336,4.00917,1.26107,2,-75.59534,mean(C_b+C_w),-75.08949458333333,0.5058454166666593
twistedH2,24,C,C_beta,-0.68575,-4.00411,1.27661,2,-75.59758,mean(C_b+C_w),-75.08949458333333,0.5080854166666597
twistedH2,25,C,C_beta,-0.68269,4.00892,1.26339,2,-75.59548,mean(C_b+C_w),-75.08949458333333,0.5059854166666611
twistedH2,26,C,C_alpha,-1.10061,-2.76117,0.67253,2,-74.40494,mean(C_b+C_w),-75.08949458333333,-0.6845545833333375
twistedH2,27,C,C_alpha,-1.09847,2.76195,0.66843,2,-74.40058,mean(C_b+C_w),-75.08949458333333,-0.6889145833333288
twistedH2,28,C,C_M,-2.42445,-2.43175,0.28523,2,-74.83096,mean(C_b+C_w),-75.08949458333333,-0.25853458333332924
twistedH2,29,C,C_b,-2.92112,-4.781,-0.3937,2,-75.23445,mean(C_b+C_w),-75.08949458333333,0.14495541666666156
twistedH2,30,C,C_b,-3.3635,-3.56459,0.17798,2,-74.83117,mean(C_b+C_w),-75.08949458333333,-0.25832458333333363
twistedH2,31,C,C_b,-3.74065,-5.90718,-0.40206,2,-75.08286,mean(C_b+C_w),-75.08949458333333,-0.006634583333337218
twistedH2,32,C,C_b,-4.66833,-3.51414,0.70594,2,-75.16059,mean(C_b+C_w),-75.08949458333333,0.0710954166666653
twistedH2,33,C,C_b,-5.02388,-5.84692,0.15185,2,-75.1262,mean(C_b+C_w),-75.08949458333333,0.03670541666666338
twistedH2,34,C,C_b,-5.48486,-4.64411,0.69421,2,-75.11173,mean(C_b+C_w),-75.08949458333333,0.022235416666660512
twistedH2,35,C,C_M,-2.42317,2.42916,0.2893,2,-74.82511,mean(C_b+C_w),-75.08949458333333,-0.2643845833333387
twistedH2,36,C,C_w,-2.94109,4.77554,-0.38637,2,-75.23099,mean(C_b+C_w),-75.08949458333333,0.14149541666667176
twistedH2,37,C,C_w,-3.3679,3.55739,0.19244,2,-74.82707,mean(C_b+C_w),-75.08949458333333,-0.26242458333332763
twistedH2,38,C,C_w,-3.76979,5.89482,-0.38673,2,-75.07974,mean(C_b+C_w),-75.08949458333333,-0.00975458333333279
twistedH2,39,C,C_w,-4.66515,3.49764,0.73759,2,-75.15907,mean(C_b+C_w),-75.08949458333333,0.069575416666666
twistedH2,40,C,C_w,-5.04519,5.82589,0.18382,2,-75.12203,mean(C_b+C_w),-75.08949458333333,0.032535416666661376
twistedH2,41,C,C_w,-5.49009,4.62152,0.73533,2,-75.11239,mean(C_b+C_w),-75.08949458333333,0.022895416666671053
twistedH2,42,C,C_L_alpha,-2.84294,-1.10513,0.00999,2,-73.88454,mean(C_b+C_w),-75.08949458333333,-1.2049545833333326
twistedH2,43,C,C_L_alpha,-2.84264,1.10329,0.01367,2,-73.87997,mean(C_b+C_w),-75.08949458333333,-1.2095245833333337
twistedH2,44,C,C_L_beta,-4.13054,-0.68717,-0.48274,2,-75.00823,mean(C_b+C_w),-75.08949458333333,-0.0812645833333363
twistedH2,45,C,C_L_beta,-4.13066,0.68818,-0.47992,2,-75.00727,mean(C_b+C_w),-75.08949458333333,-0.08222458333332838
twistedH2,46,N,N_L,2.06443,-0.0012,0.26198,3,-132.51833,mean(all N),-133.0147725,-0.49644250000000056
twistedH2,47,N,N,-0.00244,-1.99018,0.40295,3,-133.50975,mean(all N),-133.0147725,0.4949775000000045
twistedH2,48,N,N,-0.00062,1.98954,0.40106,3,-133.50878,mean(all N),-133.0147725,0.49400750000000926
twistedH2,49,N,N_L,-2.066,-0.0012,0.26198,3,-132.52223,mean(all N),-133.0147725,-0.4925424999999848
twistedO2,2,C,C_L_beta,4.08368,-0.6622,-0.25826,2,-74.94873,mean(C_b+C_w),-74.90639625,0.042333749999997394
twistedO2,3,C,C_L_beta,4.08348,0.68646,-0.26723,2,-74.93926,mean(C_b+C_w),-74.90639625,0.03286375000000419
twistedO2,4,C,C_L_alpha,2.78678,-1.10196,0.25963,2,-73.94161,mean(C_b+C_w),-74.90639625,-0.9647862500000031
twistedO2,5,C,C_L_alpha,2.78648,1.13275,0.24494,2,-73.92931,mean(C_b+C_w),-74.90639625,-0.9770862499999993
twistedO2,6,C,C_M,2.4415,-2.3795,0.42122,2,-74.60217,mean(C_b+C_w),-74.90639625,-0.30422624999999925
twistedO2,7,C,C_w,5.59842,-4.54135,0.59587,2,-74.89608,mean(C_b+C_w),-74.90639625,-0.01031625000000247
twistedO2,8,C,C_w,5.1792,-5.70307,-0.05361,2,-74.88282,mean(C_b+C_w),-74.90639625,-0.02357625000000496
twistedO2,9,C,C_w,4.72762,-3.45521,0.72932,2,-74.93562,mean(C_b+C_w),-74.90639625,0.029223749999999882
twistedO2,10,C,C_w,3.89043,-5.78051,-0.57956,2,-74.8697,mean(C_b+C_w),-74.90639625,-0.03669625000000565
twistedO2,11,C,C_w,3.41719,-3.51739,0.21023,2,-74.74596,mean(C_b+C_w),-74.90639625,-0.1604362500000036
twistedO2,12,C,C_w,3.01493,-4.69951,-0.45224,2,-74.99967,mean(C_b+C_w),-74.90639625,0.09327374999999449
twistedO2,13,C,C_M,2.44242,2.41186,0.3965,2,-74.59145,mean(C_b+C_w),-74.90639625,-0.31494625000000553
twistedO2,14,C,C_b,5.60644,4.55954,0.58356,2,-74.89492,mean(C_b+C_w),-74.90639625,-0.011476250000001187
twistedO2,15,C,C_b,5.19518,5.72385,-0.06599,2,-74.87975,mean(C_b+C_w),-74.90639625,-0.026646249999998872
twistedO2,16,C,C_b,4.73044,3.47744,0.71139,2,-74.92544,mean(C_b+C_w),-74.90639625,0.019043749999994475
twistedO2,17,C,C_b,3.90915,5.80748,-0.59806,2,-74.86739,mean(C_b+C_w),-74.90639625,-0.03900624999999991
twistedO2,18,C,C_b,3.42263,3.54559,0.18627,2,-74.74539,mean(C_b+C_w),-74.90639625,-0.1610062499999998
twistedO2,19,C,C_b,3.02825,4.72996,-0.47659,2,-74.99263,mean(C_b+C_w),-74.90639625,0.08623375000000522
twistedO2,20,C,C_alpha,1.06217,-2.7057,0.77399,2,-74.08473,mean(C_b+C_w),-74.90639625,-0.8216662500000069
twistedO2,21,C,C_alpha,1.06251,2.74186,0.74502,2,-74.09262,mean(C_b+C_w),-74.90639625,-0.8137762500000036
twistedO2,22,C,C_beta,0.67346,-4.04786,1.22604,2,-75.53045,mean(C_b+C_w),-74.90639625,0.6240537500000016
twistedO2,23,C,C_beta,0.67316,4.08652,1.1891,2,-75.5385,mean(C_b+C_w),-74.90639625,0.6321037499999989
twistedO2,24,C,C_beta,-0.66794,-4.09312,1.21918,2,-75.43663,mean(C_b+C_w),-74.90639625,0.5302337499999936
twistedO2,25,C,C_beta,-0.66862,4.13019,1.18577,2,-75.43674,mean(C_b+C_w),-74.90639625,0.5303437500000001
twistedO2,26,C,C_alpha,-1.10244,-2.78141,0.76174,2,-74.38386,mean(C_b+C_w),-74.90639625,-0.5225362500000017
twistedO2,27,C,C_alpha,-1.10272,2.81578,0.73628,2,-74.3863,mean(C_b+C_w),-74.90639625,-0.5200962499999946
twistedO2,28,C,C_M,-2.3505,-2.47858,0.39956,2,-74.74749,mean(C_b+C_w),-74.90639625,-0.15890625000000114
twistedO2,29,C,C_b,-3.07817,-4.80426,-0.29854,2,-75.05118,mean(C_b+C_w),-74.90639625,0.144783750000002
twistedO2,30,C,C_b,-3.39997,-3.56036,0.29639,2,-74.77206,mean(C_b+C_w),-74.90639625,-0.13433625000000404
twistedO2,31,C,C_b,-4.02259,-5.82514,-0.38425,2,-74.88929,mean(C_b+C_w),-74.90639625,-0.017106249999997658
twistedO2,32,C,C_b,-4.7102,-3.36444,0.77017,2,-74.98915,mean(C_b+C_w),-74.90639625,0.08275374999999485
twistedO2,33,C,C_b,-5.30734,-5.62783,0.11432,2,-74.9331,mean(C_b+C_w),-74.90639625,0.026703749999995807
twistedO2,34,C,C_b,-5.65359,-4.39966,0.68604,2,-74.95382,mean(C_b+C_w),-74.90639625,0.04742374999999299
twistedO2,35,C,C_M,-2.35175,2.50849,0.38102,2,-74.73375,mean(C_b+C_w),-74.90639625,-0.17264624999999967
twistedO2,36,C,C_w,-3.1045,4.83018,-0.30357,2,-75.03414,mean(C_b+C_w),-74.90639625,0.12774374999999338
twistedO2,37,C,C_w,-3.40896,3.58222,0.29051,2,-74.75802,mean(C_b+C_w),-74.90639625,-0.14837624999999832
twistedO2,38,C,C_w,-4.0584,5.84368,-0.37234,2,-74.88216,mean(C_b+C_w),-74.90639625,-0.02423625000000129
twistedO2,39,C,C_w,-4.71088,3.37385,0.78162,2,-74.97999,mean(C_b+C_w),-74.90639625,0.07359375000000057
twistedO2,40,C,C_w,-5.33479,5.63415,0.14323,2,-74.93067,mean(C_b+C_w),-74.90639625,0.02427375000000609
twistedO2,41,C,C_w,-5.66346,4.40122,0.71481,2,-74.94456,mean(C_b+C_w),-74.90639625,0.03816374999999539
twistedO2,42,C,C_L_alpha,-2.64127,-1.08389,0.07001,2,-74.0127,mean(C_b+C_w),-74.90639625,-0.893696250000005
twistedO2,43,C,C_L_alpha,-2.64008,1.11281,0.05726,2,-73.98827,mean(C_b+C_w),-74.90639625,-0.9181262500000003
twistedO2,44,C,C_L_beta,-3.7194,-0.67361,-0.59682,2,-74.54691,mean(C_b+C_w),-74.90639625,-0.35948625000000334
twistedO2,45,C,C_L_beta,-3.7191,0.69664,-0.60409,2,-74.54123,mean(C_b+C_w),-74.90639625,-0.36516625000000147
twistedO2,46,N,N_L,1.9653,0.01763,0.62847,3,-130.62526,mean(all N),-132.121835,-1.496575000000007
twistedO2,47,N,N,0.03403,-1.92689,0.62065,3,-133.61648,mean(all N),-132.121835,1.4946449999999913
twistedO2,48,N,N,0.03445,1.96169,0.59827,3,-133.62326,mean(all N),-132.121835,1.5014249999999834
twistedO2,49,N,N_L,-1.87161,0.01659,0.53943,3,-130.62234,mean(all N),-132.121835,-1.499494999999996
TWco,2,C,C_L_beta,3.99022,-0.69214,-0.42912,2,-75.20996,mean(C_b+C_w),-75.02798374999999,0.18197625000000528
TWco,3,C,C_L_beta,4.0695,0.64813,-0.33479,2,-75.16285,mean(C_b+C_w),-75.02798374999999,0.13486625000001595
TWco,4,C,C_L_alpha,2.68448,-1.09265,0.1121,2,-74.06041,mean(C_b+C_w),-75.02798374999999,-0.9675737499999855
TWco,5,C,C_L_alpha,2.8062,1.07767,0.24595,2,-74.09217,mean(C_b+C_w),-75.02798374999999,-0.9358137499999941
TWco,6,C,C_M,2.35251,-2.51442,0.31447,2,-74.9709,mean(C_b+C_w),-75.02798374999999,-0.057083749999989664
TWco,7,C,C_w,5.68439,-4.38608,0.68468,2,-75.03536,mean(C_b+C_w),-75.02798374999999,0.0073762500000071896
TWco,8,C,C_w,5.43371,-5.55778,-0.05429,2,-74.56439,mean(C_b+C_w),-75.02798374999999,-0.4635937499999869
TWco,9,C,C_w,4.69809,-3.3962,0.80711,2,-75.09993,mean(C_b+C_w),-75.02798374999999,0.07194625000001054
TWco,10,C,C_w,4.18998,-5.71627,-0.67639,2,-74.93543,mean(C_b+C_w),-75.02798374999999,-0.09255374999999333
TWco,11,C,C_w,3.43945,-3.56395,0.1994,2,-74.8768,mean(C_b+C_w),-75.02798374999999,-0.15118374999998707
TWco,12,C,C_w,3.21151,-4.73432,-0.55663,2,-75.10665,mean(C_b+C_w),-75.02798374999999,0.07866625000001193
TWco,13,C,C_M,2.47193,2.35265,0.48721,2,-74.84233,mean(C_b+C_w),-75.02798374999999,-0.18565374999998596
TWco,14,C,C_b,5.68685,4.43678,0.5274,2,-75.08544,mean(C_b+C_w),-75.02798374999999,0.05745625000001553
TWco,15,C,C_b,5.27644,5.59517,-0.13331,2,-75.0736,mean(C_b+C_w),-75.02798374999999,0.04561625000000902
TWco,16,C,C_b,4.78748,3.38471,0.72755,2,-75.15601,mean(C_b+C_w),-75.02798374999999,0.1280262500000049
TWco,17,C,C_b,3.9645,5.70704,-0.59354,2,-75.08228,mean(C_b+C_w),-75.02798374999999,0.05429625000000726
TWco,18,C,C_b,3.45658,3.47928,0.26714,2,-74.96901,mean(C_b+C_w),-75.02798374999999,-0.05897374999999272
TWco,19,C,C_b,3.05849,4.66144,-0.39443,2,-75.22751,mean(C_b+C_w),-75.02798374999999,0.19952625000000523
TWco,20,C,C_alpha,1.08793,-2.87353,0.53317,2,-73.90739,mean(C_b+C_w),-75.02798374999999,-1.1205937499999834
TWco,21,C,C_alpha,1.08855,2.66918,0.85885,2,-74.67828,mean(C_b+C_w),-75.02798374999999,-0.3497037499999891
TWco,22,C,C_beta,0.68796,-4.16282,0.84384,2,-75.43775,mean(C_b+C_w),-75.02798374999999,0.4097662500000041
TWco,23,C,C_beta,0.6923,3.90679,1.32756,2,-75.6536,mean(C_b+C_w),-75.02798374999999,0.6256162500000073
TWco,24,C,C_beta,-0.65325,-4.15863,0.86499,2,-75.44715,mean(C_b+C_w),-75.02798374999999,0.4191662500000035
TWco,25,C,C_beta,-0.65906,3.90654,1.32836,2,-75.64878,mean(C_b+C_w),-75.02798374999999,0.6207962500000122
TWco,26,C,C_alpha,-1.05072,-2.86992,0.55953,2,-73.9181,mean(C_b+C_w),-75.02798374999999,-1.1098837499999945
TWco,27,C,C_alpha,-1.05325,2.66957,0.86011,2,-74.66143,mean(C_b+C_w),-75.02798374999999,-0.36655374999999424
TWco,28,C,C_M,-2.31365,-2.50271,0.3631,2,-75.00065,mean(C_b+C_w),-75.02798374999999,-0.027333749999996826
TWco,29,C,C_b,-3.29939,-4.7378,-0.36947,2,-75.28391,mean(C_b+C_w),-75.02798374999999,0.2559262500000159
TWco,30,C,C_b,-3.43961,-3.51495,0.32593,2,-75.13563,mean(C_b+C_w),-75.02798374999999,0.10764625000001615
TWco,31,C,C_b,-4.34787,-5.65841,-0.41305,2,-75.11805,mean(C_b+C_w),-75.02798374999999,0.09006625000000668
TWco,32,C,C_b,-4.67066,-3.24119,0.95652,2,-75.27946,mean(C_b+C_w),-75.02798374999999,0.2514762500000103
TWco,33,C,C_b,-5.55424,-5.37597,0.22586,2,-75.07399,mean(C_b+C_w),-75.02798374999999,0.04600625000000491
TWco,34,C,C_b,-5.71681,-4.16854,0.90718,2,-75.15087,mean(C_b+C_w),-75.02798374999999,0.12288625000000764
TWco,35,C,C_M,-2.43336,2.34953,0.48376,2,-74.81105,mean(C_b+C_w),-75.02798374999999,-0.21693374999999548
TWco,36,C,C_w,-3.09318,4.67196,-0.32661,2,-75.09284,mean(C_b+C_w),-75.02798374999999,0.06485625000000539
TWco,37,C,C_w,-3.44701,3.45631,0.29205,2,-74.79288,mean(C_b+C_w),-75.02798374999999,-0.23510374999999328
TWco,38,C,C_w,-4.0389,5.68937,-0.49502,2,-75.00327,mean(C_b+C_w),-75.02798374999999,-0.02471374999998943
TWco,39,C,C_w,-4.77248,3.29821,0.74674,2,-75.04401,mean(C_b+C_w),-75.02798374999999,0.016026250000010123
TWco,40,C,C_w,-5.35893,5.51829,-0.04423,2,-74.56002,mean(C_b+C_w),-75.02798374999999,-0.46796374999999557
TWco,41,C,C_w,-5.71461,4.31407,0.57946,2,-74.92427,mean(C_b+C_w),-75.02798374999999,-0.10371374999998295
TWco,42,C,C_L_alpha,-2.62299,-1.0889,0.11227,2,-74.11188,mean(C_b+C_w),-75.02798374999999,-0.9161037499999907
TWco,43,C,C_L_alpha,-2.7479,1.07662,0.22122,2,-74.04654,mean(C_b+C_w),-75.02798374999999,-0.9814437499999968
TWco,44,C,C_L_beta,-3.91398,-0.69588,-0.46608,2,-75.22239,mean(C_b+C_w),-75.02798374999999,0.19440625000001432
TWco,45,C,C_L_beta,-3.99655,0.64151,-0.386,2,-75.20896,mean(C_b+C_w),-75.02798374999999,0.18097625000001472
TWco,46,N,N_L,1.9873,-0.06642,0.5265,3,-130.73381,mean(all N),-132.361175,-1.6273649999999975
TWco,47,N,N,0.02018,-2.04035,0.43975,3,-134.04217,mean(all N),-132.361175,1.6809949999999958
TWco,48,N,N,0.01871,1.85514,0.65191,3,-133.92279,mean(all N),-132.361175,1.561614999999989
TWco,49,N,N_L,-1.92874,-0.06131,0.52063,3,-130.74593,mean(all N),-132.361175,-1.6152450000000158
TWco,80,C,C_COOH,-6.36785,6.59283,-0.22006,2,-71.32237,mean(C_b+C_w),-75.02798374999999,-3.7056137499999835
TWco,84,C,C_COOH,6.4621,-6.61985,-0.18412,2,-71.29462,mean(C_b+C_w),-75.02798374999999,-3.733363749999995
TWDCOH,2,C,C_L_beta,3.90694,-0.7383,-0.60262,2,-75.2192,mean(C_b+C_w),-75.02762041666666,0.19157958333333625
TWDCOH,3,C,C_L_beta,3.99666,0.5958,-0.4805,2,-75.16104,mean(C_b+C_w),-75.02762041666666,0.13341958333333537
TWDCOH,4,C,C_L_alpha,2.6131,-1.14456,-0.03641,2,-74.04001,mean(C_b+C_w),-75.02762041666666,-0.9876104166666693
TWDCOH,5,C,C_L_alpha,2.75145,1.01693,0.14178,2,-74.08842,mean(C_b+C_w),-75.02762041666666,-0.9392004166666652
TWDCOH,6,C,C_M,2.29841,-2.56697,0.16008,2,-74.9584,mean(C_b+C_w),-75.02762041666666,-0.069220416666667
TWDCOH,7,C,C_w,5.70728,-4.17639,0.79083,2,-74.96202,mean(C_b+C_w),-75.02762041666666,-0.06560041666666905
TWDCOH,8,C,C_w,5.60867,-5.37978,0.0738,2,-74.58314,mean(C_b+C_w),-75.02762041666666,-0.44448041666666427
TWDCOH,9,C,C_w,4.63727,-3.27859,0.81855,2,-75.097,mean(C_b+C_w),-75.02762041666666,0.06937958333332972
TWDCOH,10,C,C_w,4.41982,-5.66777,-0.61439,2,-75.03933,mean(C_b+C_w),-75.02762041666666,0.011709583333342266
TWDCOH,11,C,C_w,3.43808,-3.56306,0.13589,2,-74.88128,mean(C_b+C_w),-75.02762041666666,-0.14634041666666064
TWDCOH,12,C,C_w,3.34823,-4.77106,-0.58581,2,-75.11928,mean(C_b+C_w),-75.02762041666666,0.0916595833333389
TWDCOH,13,C,C_M,2.43926,2.28456,0.42981,2,-74.82269,mean(C_b+C_w),-75.02762041666666,-0.2049304166666701
TWDCOH,14,C,C_b,5.68764,4.3116,0.4834,2,-75.15127,mean(C_b+C_w),-75.02762041666666,0.1236495833333322
TWDCOH,15,C,C_b,5.28589,5.49974,-0.12737,2,-75.09906,mean(C_b+C_w),-75.02762041666666,0.07143958333332989
TWDCOH,16,C,C_b,4.77328,3.26983,0.66332,2,-75.187,mean(C_b+C_w),-75.02762041666666,0.15937958333333313
TWDCOH,17,C,C_b,3.96739,5.65129,-0.55735,2,-75.13124,mean(C_b+C_w),-75.02762041666666,0.10361958333334087
TWDCOH,18,C,C_b,3.43591,3.40371,0.23156,2,-75.00683,mean(C_b+C_w),-75.02762041666666,-0.020790416666670808
TWDCOH,19,C,C_b,3.04623,4.61521,-0.37863,2,-75.25828,mean(C_b+C_w),-75.02762041666666,0.2306595833333347
TWDCOH,20,C,C_alpha,1.03254,-2.9434,0.33292,2,-73.90249,mean(C_b+C_w),-75.02762041666666,-1.1251304166666642
TWDCOH,21,C,C_alpha,1.06847,2.59879,0.8328,2,-74.66898,mean(C_b+C_w),-75.02762041666666,-0.3586404166666597
TWDCOH,22,C,C_beta,0.63119,-4.24096,0.59834,2,-75.45862,mean(C_b+C_w),-75.02762041666666,0.43099958333333177
TWDCOH,23,C,C_beta,0.68917,3.82318,1.34536,2,-75.6559,mean(C_b+C_w),-75.02762041666666,0.6282795833333381
TWDCOH,24,C,C_beta,-0.71508,-4.23321,0.62574,2,-75.45982,mean(C_b+C_w),-75.02762041666666,0.432199583333329
TWDCOH,25,C,C_beta,-0.66081,3.83134,1.36534,2,-75.6522,mean(C_b+C_w),-75.02762041666666,0.624579583333329
TWDCOH,26,C,C_alpha,-1.11212,-2.93112,0.37547,2,-73.93921,mean(C_b+C_w),-75.02762041666666,-1.0884104166666617
TWDCOH,27,C,C_alpha,-1.06993,2.61161,0.86469,2,-74.65304,mean(C_b+C_w),-75.02762041666666,-0.3745804166666602
TWDCOH,28,C,C_M,-2.37957,-2.54056,0.25197,2,-74.99368,mean(C_b+C_w),-75.02762041666666,-0.033940416666666806
TWDCOH,29,C,C_b,-3.48417,-4.73757,-0.44028,2,-75.22225,mean(C_b+C_w),-75.02762041666666,0.19462958333333802
TWDCOH,30,C,C_b,-3.52969,-3.52363,0.27978,2,-75.09925,mean(C_b+C_w),-75.02762041666666,0.07162958333333336
TWDCOH,31,C,C_b,-4.56498,-5.62371,-0.40978,2,-75.05705,mean(C_b+C_w),-75.02762041666666,0.029429583333339338
TWDCOH,32,C,C_b,-4.69509,-3.22397,1.01653,2,-75.2529,mean(C_b+C_w),-75.02762041666666,0.2252795833333323
TWDCOH,33,C,C_b,-5.70499,-5.31498,0.33301,2,-75.00248,mean(C_b+C_w),-75.02762041666666,-0.025140416666658894
TWDCOH,34,C,C_b,-5.77045,-4.11633,1.04385,2,-75.09562,mean(C_b+C_w),-75.02762041666666,0.06799958333333223
TWDCOH,35,C,C_M,-2.45634,2.31314,0.50512,2,-74.79165,mean(C_b+C_w),-75.02762041666666,-0.2359704166666603
TWDCOH,36,C,C_w,-3.05798,4.64739,-0.29034,2,-75.10312,mean(C_b+C_w),-75.02762041666666,0.07549958333333961
TWDCOH,37,C,C_w,-3.44427,3.44483,0.3347,2,-74.78419,mean(C_b+C_w),-75.02762041666666,-0.2434304166666692
TWDCOH,38,C,C_w,-3.96698,5.69724,-0.44497,2,-75.00041,mean(C_b+C_w),-75.02762041666666,-0.02721041666666224
TWDCOH,39,C,C_w,-4.76701,3.33082,0.8079,2,-75.03589,mean(C_b+C_w),-75.02762041666666,0.008269583333330388
TWDCOH,40,C,C_w,-5.28413,5.57446,0.02631,2,-74.56096,mean(C_b+C_w),-75.02762041666666,-0.46666041666667013
TWDCOH,41,C,C_w,-5.67459,4.3823,0.65528,2,-74.93304,mean(C_b+C_w),-75.02762041666666,-0.09458041666665906
TWDCOH,42,C,C_L_alpha,-2.68618,-1.11581,0.06214,2,-74.10606,mean(C_b+C_w),-75.02762041666666,-0.9215604166666651
TWDCOH,43,C,C_L_alpha,-2.79322,1.04806,0.23319,2,-74.02308,mean(C_b+C_w),-75.02762041666666,-1.0045404166666714
TWDCOH,44,C,C_L_beta,-3.9948,-0.69779,-0.45948,2,-75.20911,mean(C_b+C_w),-75.02762041666666,0.18148958333333098
TWDCOH,45,C,C_L_beta,-4.06421,0.63835,-0.3433,2,-75.17456,mean(C_b+C_w),-75.02762041666666,0.14693958333333512
TWDCOH,46,N,N_L,1.92837,-0.12759,0.41089,3,-130.72912,mean(all N),-132.3610125,-1.6318924999999922
TWDCOH,47,N,N,-0.03712,-2.10707,0.25328,3,-134.05244,mean(all N),-132.3610125,1.6914275000000032
TWDCOH,48,N,N,-0.00907,1.79746,0.61565,3,-133.92743,mean(all N),-132.3610125,1.5664175
TWDCOH,49,N,N_L,-1.9744,-0.10477,0.47928,3,-130.73506,mean(all N),-132.3610125,-1.6259524999999826
TWDCOH,80,C,C_COOH,-6.25176,6.68853,-0.13461,2,-71.33438,mean(C_b+C_w),-75.02762041666666,-3.6932404166666686
TWDCOH,84,C,C_COOH,6.74674,-6.33226,0.03589,2,-71.20642,mean(C_b+C_w),-75.02762041666666,-3.82120041666667
